timestamp_utc,bar_id,action,ticker,signal_bar,price_usd,price_sar,shares,cost_sar,gross_pl_sar,net_pl_sar,purification_sar,cash_after_sar,order_id
2026-09-24T00:18:46Z,2026-09-22,BUY,AFL,2026-09-21,115.18,431.925001,0.00925855,0.001,,,,96.0,BUY:AFL:2026-09-21
2026-09-24T00:18:46Z,2026-09-22,BUY,ALL,2026-09-21,242.860001,910.725002,0.00439096,0.001,,,,92.00004,BUY:ALL:2026-09-21
2026-09-24T00:18:46Z,2026-09-22,BUY,CB,2026-09-21,337.26001,1264.725037,0.00316189,0.001,,,,88.00012,BUY:CB:2026-09-21
2026-09-24T00:18:46Z,2026-09-22,BUY,CHTR,2026-09-21,123.349998,462.562494,0.00864506,0.001,,,,84.00024,BUY:CHTR:2026-09-21
2026-09-24T00:18:46Z,2026-09-22,BUY,CMG,2026-09-21,32.630001,122.362504,0.03268027,0.001,,,,80.0004,BUY:CMG:2026-09-21
2026-09-24T00:18:46Z,2026-09-22,BUY,COP,2026-09-21,127.529999,478.237495,0.00836154,0.001,,,,76.0006,BUY:COP:2026-09-21
2026-09-24T00:18:46Z,2026-09-22,BUY,CRM,2026-09-21,236.419998,886.574993,0.00451035,0.001,,,,72.00084,BUY:CRM:2026-09-21
2026-09-24T00:18:46Z,2026-09-22,BUY,CSX,2026-09-21,45.990002,172.462506,0.02318603,0.001,,,,68.00112,BUY:CSX:2026-09-21
2026-09-24T00:18:46Z,2026-09-22,BUY,CVS,2026-09-21,87.599998,328.499994,0.01217254,0.001,,,,64.00144,BUY:CVS:2026-09-21
2026-09-24T00:18:46Z,2026-09-22,BUY,CVX,2026-09-21,203.669998,763.762493,0.00523545,0.001,,,,60.0018,BUY:CVX:2026-09-21
2026-09-24T00:18:46Z,2026-09-22,BUY,GIS,2026-09-21,35.450001,132.937503,0.0300788,0.001,,,,56.0022,BUY:GIS:2026-09-21
2026-09-24T00:18:46Z,2026-09-22,BUY,HAL,2026-09-21,33.389999,125.212498,0.03193419,0.001,,,,52.00264,BUY:HAL:2026-09-21
2026-09-24T00:18:46Z,2026-09-22,BUY,HD,2026-09-21,297.200012,1114.500046,0.00358773,0.001,,,,48.00312,BUY:HD:2026-09-21
2026-09-24T00:18:46Z,2026-09-22,BUY,LOW,2026-09-21,190.979996,716.174984,0.00558311,0.001,,,,44.00364,BUY:LOW:2026-09-21
2026-09-24T00:18:46Z,2026-09-22,BUY,MDLZ,2026-09-21,60.169998,225.637493,0.01772064,0.001,,,,40.0042,BUY:MDLZ:2026-09-21
2026-09-24T00:18:46Z,2026-09-22,BUY,NSC,2026-09-21,309.070007,1159.012527,0.00344983,0.001,,,,36.0048,BUY:NSC:2026-09-21
2026-09-24T00:18:46Z,2026-09-22,BUY,OXY,2026-09-21,57.25,214.6875,0.01862409,0.001,,,,32.00544,BUY:OXY:2026-09-21
2026-09-24T00:18:46Z,2026-09-22,BUY,PEP,2026-09-21,129.589996,485.962486,0.00822763,0.001,,,,28.00612,BUY:PEP:2026-09-21
2026-09-24T00:18:46Z,2026-09-22,BUY,PM,2026-09-21,187.479996,703.049984,0.00568705,0.001,,,,24.00684,BUY:PM:2026-09-21
2026-09-24T00:18:46Z,2026-09-22,BUY,SBUX,2026-09-21,94.900002,355.875006,0.01123496,0.001,,,,20.0076,BUY:SBUX:2026-09-21
2026-09-24T00:18:46Z,2026-09-22,BUY,TPR,2026-09-21,113.07,424.012499,0.00942944,0.001,,,,16.008399,BUY:TPR:2026-09-21
2026-09-24T00:18:46Z,2026-09-22,BUY,TRV,2026-09-21,371.130005,1391.737518,0.00287278,0.001,,,,12.009239,BUY:TRV:2026-09-21
2026-09-24T00:18:46Z,2026-09-22,BUY,UNP,2026-09-21,269.630005,1011.112518,0.00395418,0.001,,,,8.010119,BUY:UNP:2026-09-21
2026-09-24T00:18:46Z,2026-09-22,BUY,VZ,2026-09-21,46.450001,174.187503,0.02295274,0.001,,,,4.011039,BUY:VZ:2026-09-21
2026-09-24T00:18:46Z,2026-09-22,BUY,XOM,2026-09-21,158.300003,593.625011,0.00673496,0.001,,,,0.011999,BUY:XOM:2026-09-21
2026-09-26T00:26:20Z,2026-09-24,SELL,PM,2026-09-23,191.5,718.125,0.00568705,0.001021,0.085732,0.084711,0.008471,4.08652,SELL:PM:2026-09-23
2026-09-29T01:36:05Z,2026-09-28,SELL,XOM,2026-09-24,162.520004,609.450016,0.00673496,0.001026,0.106581,0.105555,0.010555,8.179559,SELL:XOM:2026-09-24
2026-09-29T01:36:05Z,2026-09-28,BUY,CI,2026-09-24,271.829987,1019.36245,0.00387167,0.000987,,,,4.231936,BUY:CI:2026-09-24
2026-10-01T01:09:16Z,2026-09-29,SELL,CVX,2026-09-28,204.380005,766.425018,0.00523545,0.001003,0.01394,0.012936,0.001294,8.242219,SELL:CVX:2026-09-28
2026-10-01T01:09:16Z,2026-09-29,SELL,SBUX,2026-09-28,95.43,357.862501,0.01123496,0.001005,0.022329,0.021324,0.002132,12.259651,SELL:SBUX:2026-09-28
2026-10-01T01:09:16Z,2026-09-29,BUY,INTU,2026-09-28,268.029999,1005.112495,0.00391119,0.000983,,,,8.327487,BUY:INTU:2026-09-28
2026-10-02T01:24:46Z,2026-09-30,SELL,CI,2026-09-29,271.829987,1019.36245,0.00387167,0.000987,0.0,-0.000987,0.0,12.273136,SELL:CI:2026-09-29
2026-10-02T01:24:46Z,2026-09-30,SELL,TPR,2026-09-29,115.040001,431.400003,0.00942944,0.001017,0.06966,0.068643,0.006864,16.333115,SELL:TPR:2026-09-29
2026-10-02T01:24:46Z,2026-09-30,BUY,ELV,2026-09-29,388.820007,1458.075027,0.00267682,0.000976,,,,12.429133,BUY:ELV:2026-09-29
2026-10-02T01:24:46Z,2026-09-30,BUY,MGM,2026-09-29,31.049999,116.437497,0.03351985,0.000976,,,,8.525189,BUY:MGM:2026-09-29
2026-10-03T01:00:03Z,2026-10-01,BUY,LMT,2026-09-30,505.5,1895.625,0.00206699,0.00098,,,,4.605971,BUY:LMT:2026-09-30
2026-10-03T01:00:03Z,2026-10-01,BUY,SLB,2026-09-30,48.66,182.474999,0.02147253,0.00098,,,,0.686792,BUY:SLB:2026-09-30
2026-10-06T02:07:58Z,2026-10-05,SELL,CMG,2026-10-01,30.85,115.687501,0.03268027,0.000945,-0.218141,-0.219086,0.0,4.466546,SELL:CMG:2026-10-01
2026-10-06T02:07:58Z,2026-10-05,SELL,COP,2026-10-01,128.399994,481.499977,0.00836154,0.001007,0.027279,0.026273,0.002627,8.488992,SELL:COP:2026-10-01
2026-10-06T02:07:58Z,2026-10-05,SELL,CRM,2026-10-01,229.789993,861.712475,0.00451035,0.000972,-0.112139,-0.11311,0.0,12.374642,SELL:CRM:2026-10-01
2026-10-06T02:07:58Z,2026-10-05,SELL,INTU,2026-10-01,284.679993,1067.549973,0.00391119,0.001044,0.244205,0.243161,0.024316,16.524668,SELL:INTU:2026-10-01
2026-10-06T02:07:58Z,2026-10-05,SELL,OXY,2026-10-01,58.310001,218.662505,0.01862409,0.001018,0.074031,0.073013,0.007301,20.58874,SELL:OXY:2026-10-01
2026-10-07T01:16:21Z,2026-10-06,SELL,AFL,2026-10-05,113.629997,426.11249,0.00925855,0.000986,-0.053815,-0.054802,0.0,24.532938,SELL:AFL:2026-10-05
2026-10-07T01:16:21Z,2026-10-06,SELL,CSX,2026-10-05,47.5,178.125,0.02318603,0.001033,0.131291,0.130258,0.013026,28.64889,SELL:CSX:2026-10-05
2026-10-07T01:16:21Z,2026-10-06,SELL,CVS,2026-10-05,86.43,324.112501,0.01217254,0.000986,-0.053407,-0.054393,0.0,32.593177,SELL:CVS:2026-10-05
2026-10-07T01:16:21Z,2026-10-06,SELL,ELV,2026-10-05,400.089996,1500.337486,0.00267682,0.001004,0.113129,0.112125,0.011213,36.597096,SELL:ELV:2026-10-05
2026-10-07T01:16:21Z,2026-10-06,SELL,HAL,2026-10-05,32.720001,122.700005,0.03193419,0.00098,-0.080234,-0.081214,0.0,40.514442,SELL:HAL:2026-10-05
2026-10-07T01:16:21Z,2026-10-06,SELL,MDLZ,2026-10-05,59.619999,223.574996,0.01772064,0.00099,-0.036549,-0.037539,0.0,44.475343,SELL:MDLZ:2026-10-05
2026-10-07T01:16:21Z,2026-10-06,SELL,SLB,2026-10-05,50.0,187.5,0.02147253,0.001007,0.107899,0.106893,0.010689,48.489746,SELL:SLB:2026-10-05
2026-10-07T01:16:21Z,2026-10-06,BUY,BSX,2026-10-05,42.189999,158.212495,0.02494948,0.000987,,,,44.54144,BUY:BSX:2026-10-05
2026-10-07T01:16:21Z,2026-10-06,BUY,JNJ,2026-10-05,254.779999,955.424995,0.00413144,0.000987,,,,40.593174,BUY:JNJ:2026-10-05
2026-10-07T01:16:21Z,2026-10-06,BUY,LULU,2026-10-05,93.610001,351.037502,0.0112445,0.000987,,,,36.644947,BUY:LULU:2026-10-05
2026-10-07T01:16:21Z,2026-10-06,BUY,NOC,2026-10-05,483.109985,1811.662445,0.00217877,0.000987,,,,32.69676,BUY:NOC:2026-10-05
2026-10-07T01:16:21Z,2026-10-06,BUY,PFE,2026-10-05,27.5,103.125,0.0382755,0.000987,,,,28.748612,BUY:PFE:2026-10-05
2026-10-08T01:37:45Z,2026-10-07,SELL,CB,2026-10-06,334.700012,1255.125046,0.00316189,0.000992,-0.030354,-0.031346,0.0,32.716185,SELL:CB:2026-10-06
2026-10-08T01:37:45Z,2026-10-07,SELL,HD,2026-10-06,285.769989,1071.637459,0.00358773,0.000961,-0.153779,-0.15474,0.0,36.559965,SELL:HD:2026-10-06
2026-10-08T01:37:45Z,2026-10-07,SELL,LMT,2026-10-06,499.220001,1872.075005,0.00206699,0.000967,-0.048678,-0.049645,0.0,40.428559,SELL:LMT:2026-10-06
2026-10-08T01:37:45Z,2026-10-07,SELL,LOW,2026-10-06,181.539993,680.774975,0.00558311,0.00095,-0.197642,-0.198592,0.0,44.228447,SELL:LOW:2026-10-06
2026-10-08T01:37:45Z,2026-10-07,SELL,NSC,2026-10-06,313.200012,1174.500046,0.00344983,0.001013,0.053429,0.052416,0.005242,48.274021,SELL:NSC:2026-10-06
2026-10-08T01:37:45Z,2026-10-07,BUY,AMGN,2026-10-06,413.079987,1549.04995,0.00253394,0.000982,,,,44.347842,BUY:AMGN:2026-10-06
2026-10-08T01:37:45Z,2026-10-07,BUY,BBY,2026-10-06,84.589996,317.212486,0.01237391,0.000982,,,,40.421701,BUY:BBY:2026-10-06
2026-10-08T01:37:45Z,2026-10-07,BUY,BKNG,2026-10-06,155.869995,584.512482,0.0067152,0.000982,,,,36.4956,BUY:BKNG:2026-10-06
2026-10-08T01:37:45Z,2026-10-07,BUY,GILD,2026-10-06,146.850006,550.687523,0.0071276,0.000982,,,,32.569538,BUY:GILD:2026-10-06
2026-10-08T01:37:45Z,2026-10-07,BUY,ROST,2026-10-06,225.529999,845.737495,0.00464097,0.000982,,,,28.643515,BUY:ROST:2026-10-06
2026-10-08T01:37:45Z,2026-10-07,BUY,RTX,2026-10-06,180.259995,675.974979,0.00580643,0.000981,,,,24.717531,BUY:RTX:2026-10-06
2026-10-08T01:37:45Z,2026-10-07,BUY,VRTX,2026-10-06,505.640015,1896.150055,0.00206996,0.000981,,,,20.791587,BUY:VRTX:2026-10-06
2026-10-09T01:50:07Z,2026-10-08,SELL,AMGN,2026-10-07,407.440002,1527.900009,0.00253394,0.000968,-0.053593,-0.054561,0.0,24.662225,SELL:AMGN:2026-10-07
2026-10-09T01:50:07Z,2026-10-08,SELL,GILD,2026-10-07,147.100006,551.625023,0.0071276,0.000983,0.006682,0.005699,0.00057,28.592435,SELL:GILD:2026-10-07
2026-10-09T01:50:07Z,2026-10-08,SELL,JNJ,2026-10-07,256.480011,961.800041,0.00413144,0.000993,0.026338,0.025345,0.002534,32.562524,SELL:JNJ:2026-10-07
2026-10-09T01:50:07Z,2026-10-08,SELL,PFE,2026-10-07,27.82,104.324999,0.0382755,0.000998,0.045931,0.044932,0.004493,36.550124,SELL:PFE:2026-10-07
2026-10-09T01:50:07Z,2026-10-08,BUY,CMCSA,2026-10-07,21.209999,79.537497,0.0498678,0.000992,,,,32.582772,BUY:CMCSA:2026-10-07
2026-10-09T01:50:07Z,2026-10-08,BUY,HON,2026-10-07,206.600006,774.750023,0.00511948,0.000992,,,,28.61546,BUY:HON:2026-10-07
2026-10-09T01:50:07Z,2026-10-08,BUY,PNC,2026-10-07,219.679993,823.799973,0.00481462,0.000992,,,,24.648188,BUY:PNC:2026-10-07
2026-10-09T01:50:07Z,2026-10-08,BUY,TPR,2026-10-07,115.82,434.324999,0.00913197,0.000992,,,,20.680955,BUY:TPR:2026-10-07
2026-10-09T01:50:07Z,2026-10-08,BUY,USB,2026-10-07,57.029999,213.862495,0.01854557,0.000992,,,,16.713762,BUY:USB:2026-10-07
