timestamp_utc,bar_id,ticker,rsi,reason
2026-09-23T00:08:31Z,2026-09-21,BRK-B,8.6159,"valid entry signal but no free slot (0/25 used, ranked #26 by RSI)"
2026-09-23T00:08:31Z,2026-09-21,CI,8.6239,"valid entry signal but no free slot (0/25 used, ranked #27 by RSI)"
2026-09-23T00:08:31Z,2026-09-21,MO,8.9137,"valid entry signal but no free slot (0/25 used, ranked #28 by RSI)"
2026-09-23T00:08:31Z,2026-09-21,AIG,9.2014,"valid entry signal but no free slot (0/25 used, ranked #29 by RSI)"
2026-09-23T00:08:31Z,2026-09-21,EOG,9.991,"valid entry signal but no free slot (0/25 used, ranked #30 by RSI)"
2026-09-23T00:08:31Z,2026-09-21,MCD,10.3409,"valid entry signal but no free slot (0/25 used, ranked #31 by RSI)"
2026-09-23T00:08:31Z,2026-09-21,KMB,11.2609,"valid entry signal but no free slot (0/25 used, ranked #32 by RSI)"
2026-09-23T00:08:31Z,2026-09-21,ADP,11.4091,"valid entry signal but no free slot (0/25 used, ranked #33 by RSI)"
2026-09-23T00:08:31Z,2026-09-21,MET,12.2072,"valid entry signal but no free slot (0/25 used, ranked #34 by RSI)"
2026-09-23T00:08:31Z,2026-09-21,DVN,12.3351,"valid entry signal but no free slot (0/25 used, ranked #35 by RSI)"
2026-09-23T00:08:31Z,2026-09-21,DUK,12.41,"valid entry signal but no free slot (0/25 used, ranked #36 by RSI)"
2026-09-23T00:08:31Z,2026-09-21,KO,12.9694,"valid entry signal but no free slot (0/25 used, ranked #37 by RSI)"
2026-09-23T00:08:31Z,2026-09-21,CL,13.1274,"valid entry signal but no free slot (0/25 used, ranked #38 by RSI)"
2026-09-23T00:08:31Z,2026-09-21,MDT,13.3289,"valid entry signal but no free slot (0/25 used, ranked #39 by RSI)"
2026-09-23T00:08:31Z,2026-09-21,ORLY,13.5864,"valid entry signal but no free slot (0/25 used, ranked #40 by RSI)"
2026-09-23T00:08:31Z,2026-09-21,NEE,14.0721,"valid entry signal but no free slot (0/25 used, ranked #41 by RSI)"
2026-09-23T00:08:31Z,2026-09-21,ELV,15.5397,"valid entry signal but no free slot (0/25 used, ranked #42 by RSI)"
2026-09-23T00:08:31Z,2026-09-21,INTU,16.3147,"valid entry signal but no free slot (0/25 used, ranked #43 by RSI)"
2026-09-23T00:08:31Z,2026-09-21,APA,16.5966,"valid entry signal but no free slot (0/25 used, ranked #44 by RSI)"
2026-09-23T00:08:31Z,2026-09-21,KR,16.8455,"valid entry signal but no free slot (0/25 used, ranked #45 by RSI)"
2026-09-23T00:08:31Z,2026-09-21,SO,18.0839,"valid entry signal but no free slot (0/25 used, ranked #46 by RSI)"
2026-09-23T00:08:31Z,2026-09-21,VLO,18.0933,"valid entry signal but no free slot (0/25 used, ranked #47 by RSI)"
2026-09-23T00:08:31Z,2026-09-21,F,19.5902,"valid entry signal but no free slot (0/25 used, ranked #48 by RSI)"
2026-09-23T00:08:31Z,2026-09-21,LIN,19.9986,"valid entry signal but no free slot (0/25 used, ranked #49 by RSI)"
2026-09-23T00:08:31Z,2026-09-21,AA,21.8988,"valid entry signal but no free slot (0/25 used, ranked #50 by RSI)"
2026-09-23T00:08:31Z,2026-09-21,EBAY,22.0623,"valid entry signal but no free slot (0/25 used, ranked #51 by RSI)"
2026-09-23T00:08:31Z,2026-09-21,DG,22.2238,"valid entry signal but no free slot (0/25 used, ranked #52 by RSI)"
2026-09-23T00:08:31Z,2026-09-21,HPQ,23.3515,"valid entry signal but no free slot (0/25 used, ranked #53 by RSI)"
2026-09-23T00:08:31Z,2026-09-21,PG,23.3881,"valid entry signal but no free slot (0/25 used, ranked #54 by RSI)"
2026-09-23T00:08:31Z,2026-09-21,CLF,26.7397,"valid entry signal but no free slot (0/25 used, ranked #55 by RSI)"
2026-09-23T00:08:31Z,2026-09-21,BKNG,27.0808,"valid entry signal but no free slot (0/25 used, ranked #56 by RSI)"
2026-09-23T00:08:31Z,2026-09-21,T,29.1185,"valid entry signal but no free slot (0/25 used, ranked #57 by RSI)"
2026-09-24T00:18:46Z,2026-09-22,ADBE,5.8738,"valid entry signal but no free slot (25/25 used, ranked #1 by RSI)"
2026-09-24T00:18:46Z,2026-09-22,BKNG,6.1404,"valid entry signal but no free slot (25/25 used, ranked #2 by RSI)"
2026-09-24T00:18:46Z,2026-09-22,BAC,7.0393,"valid entry signal but no free slot (25/25 used, ranked #3 by RSI)"
2026-09-24T00:18:46Z,2026-09-22,T,9.1523,"valid entry signal but no free slot (25/25 used, ranked #4 by RSI)"
2026-09-24T00:18:46Z,2026-09-22,JPM,10.3127,"valid entry signal but no free slot (25/25 used, ranked #5 by RSI)"
2026-09-24T00:18:46Z,2026-09-22,CMCSA,11.9169,"valid entry signal but no free slot (25/25 used, ranked #6 by RSI)"
2026-09-24T00:18:46Z,2026-09-22,SCHW,12.7614,"valid entry signal but no free slot (25/25 used, ranked #7 by RSI)"
2026-09-24T00:18:46Z,2026-09-22,F,14.0856,"valid entry signal but no free slot (25/25 used, ranked #8 by RSI)"
2026-09-24T00:18:46Z,2026-09-22,CSCO,19.7393,"valid entry signal but no free slot (25/25 used, ranked #9 by RSI)"
2026-09-24T00:18:46Z,2026-09-22,BA,28.4886,"valid entry signal but no free slot (25/25 used, ranked #10 by RSI)"
2026-09-25T00:21:12Z,2026-09-23,BKNG,1.5381,"valid entry signal but no free slot (25/25 used, ranked #1 by RSI)"
2026-09-25T00:21:12Z,2026-09-23,CI,2.0026,"valid entry signal but no free slot (25/25 used, ranked #2 by RSI)"
2026-09-25T00:21:12Z,2026-09-23,ADP,2.0899,"valid entry signal but no free slot (25/25 used, ranked #3 by RSI)"
2026-09-25T00:21:12Z,2026-09-23,MDT,2.255,"valid entry signal but no free slot (25/25 used, ranked #4 by RSI)"
2026-09-25T00:21:12Z,2026-09-23,DUK,2.9429,"valid entry signal but no free slot (25/25 used, ranked #5 by RSI)"
2026-09-25T00:21:12Z,2026-09-23,ELV,3.0165,"valid entry signal but no free slot (25/25 used, ranked #6 by RSI)"
2026-09-25T00:21:12Z,2026-09-23,NEE,3.3432,"valid entry signal but no free slot (25/25 used, ranked #7 by RSI)"
2026-09-25T00:21:12Z,2026-09-23,SO,3.4472,"valid entry signal but no free slot (25/25 used, ranked #8 by RSI)"
2026-09-25T00:21:12Z,2026-09-23,KR,3.6011,"valid entry signal but no free slot (25/25 used, ranked #9 by RSI)"
2026-09-25T00:21:12Z,2026-09-23,INTU,3.6312,"valid entry signal but no free slot (25/25 used, ranked #10 by RSI)"
2026-09-25T00:21:12Z,2026-09-23,PNC,4.0288,"valid entry signal but no free slot (25/25 used, ranked #11 by RSI)"
2026-09-25T00:21:12Z,2026-09-23,EXPE,4.5967,"valid entry signal but no free slot (25/25 used, ranked #12 by RSI)"
2026-09-25T00:21:12Z,2026-09-23,WFC,4.759,"valid entry signal but no free slot (25/25 used, ranked #13 by RSI)"
2026-09-25T00:21:12Z,2026-09-23,BAC,5.9472,"valid entry signal but no free slot (25/25 used, ranked #14 by RSI)"
2026-09-25T00:21:12Z,2026-09-23,F,6.1657,"valid entry signal but no free slot (25/25 used, ranked #15 by RSI)"
2026-09-25T00:21:12Z,2026-09-23,VLO,7.5121,"valid entry signal but no free slot (25/25 used, ranked #16 by RSI)"
2026-09-25T00:21:12Z,2026-09-23,JPM,7.5931,"valid entry signal but no free slot (25/25 used, ranked #17 by RSI)"
2026-09-25T00:21:12Z,2026-09-23,NOC,7.6482,"valid entry signal but no free slot (25/25 used, ranked #18 by RSI)"
2026-09-25T00:21:12Z,2026-09-23,AXP,8.6108,"valid entry signal but no free slot (25/25 used, ranked #19 by RSI)"
2026-09-25T00:21:12Z,2026-09-23,V,9.2267,"valid entry signal but no free slot (25/25 used, ranked #20 by RSI)"
2026-09-25T00:21:12Z,2026-09-23,MCD,9.3386,"valid entry signal but no free slot (25/25 used, ranked #21 by RSI)"
2026-09-25T00:21:12Z,2026-09-23,CL,9.3466,"valid entry signal but no free slot (25/25 used, ranked #22 by RSI)"
2026-09-25T00:21:12Z,2026-09-23,LVS,9.5046,"valid entry signal but no free slot (25/25 used, ranked #23 by RSI)"
2026-09-25T00:21:12Z,2026-09-23,KMB,9.6093,"valid entry signal but no free slot (25/25 used, ranked #24 by RSI)"
2026-09-25T00:21:12Z,2026-09-23,SCHW,10.4668,"valid entry signal but no free slot (25/25 used, ranked #25 by RSI)"
2026-09-25T00:21:12Z,2026-09-23,USB,10.6448,"valid entry signal but no free slot (25/25 used, ranked #26 by RSI)"
2026-09-25T00:21:12Z,2026-09-23,UNH,11.4688,"valid entry signal but no free slot (25/25 used, ranked #27 by RSI)"
2026-09-25T00:21:12Z,2026-09-23,GOOGL,11.6368,"valid entry signal but no free slot (25/25 used, ranked #28 by RSI)"
2026-09-25T00:21:12Z,2026-09-23,LMT,11.7464,"valid entry signal but no free slot (25/25 used, ranked #29 by RSI)"
2026-09-25T00:21:12Z,2026-09-23,DG,11.7752,"valid entry signal but no free slot (25/25 used, ranked #30 by RSI)"
2026-09-25T00:21:12Z,2026-09-23,RTX,12.5952,"valid entry signal but no free slot (25/25 used, ranked #31 by RSI)"
2026-09-25T00:21:12Z,2026-09-23,COF,12.8139,"valid entry signal but no free slot (25/25 used, ranked #32 by RSI)"
2026-09-25T00:21:12Z,2026-09-23,AA,12.9255,"valid entry signal but no free slot (25/25 used, ranked #33 by RSI)"
2026-09-25T00:21:12Z,2026-09-23,MA,13.4016,"valid entry signal but no free slot (25/25 used, ranked #34 by RSI)"
2026-09-25T00:21:12Z,2026-09-23,HPQ,13.9,"valid entry signal but no free slot (25/25 used, ranked #35 by RSI)"
2026-09-25T00:21:12Z,2026-09-23,STT,14.2948,"valid entry signal but no free slot (25/25 used, ranked #36 by RSI)"
2026-09-25T00:21:12Z,2026-09-23,FITB,14.6976,"valid entry signal but no free slot (25/25 used, ranked #37 by RSI)"
2026-09-25T00:21:12Z,2026-09-23,APA,14.9681,"valid entry signal but no free slot (25/25 used, ranked #38 by RSI)"
2026-09-25T00:21:12Z,2026-09-23,ORCL,17.7745,"valid entry signal but no free slot (25/25 used, ranked #39 by RSI)"
2026-09-25T00:21:12Z,2026-09-23,BBY,18.1602,"valid entry signal but no free slot (25/25 used, ranked #40 by RSI)"
2026-09-25T00:21:12Z,2026-09-23,CCL,18.4591,"valid entry signal but no free slot (25/25 used, ranked #41 by RSI)"
2026-09-25T00:21:12Z,2026-09-23,AMZN,19.4777,"valid entry signal but no free slot (25/25 used, ranked #42 by RSI)"
2026-09-25T00:21:12Z,2026-09-23,CSCO,19.6807,"valid entry signal but no free slot (25/25 used, ranked #43 by RSI)"
2026-09-25T00:21:12Z,2026-09-23,PRU,21.9807,"valid entry signal but no free slot (25/25 used, ranked #44 by RSI)"
2026-09-25T00:21:12Z,2026-09-23,EOG,23.7854,"valid entry signal but no free slot (25/25 used, ranked #45 by RSI)"
2026-09-25T00:21:12Z,2026-09-23,TGT,23.8935,"valid entry signal but no free slot (25/25 used, ranked #46 by RSI)"
2026-09-25T00:21:12Z,2026-09-23,WYNN,24.3474,"valid entry signal but no free slot (25/25 used, ranked #47 by RSI)"
2026-09-25T00:21:12Z,2026-09-23,GS,26.5994,"valid entry signal but no free slot (25/25 used, ranked #48 by RSI)"
2026-09-25T00:21:12Z,2026-09-23,MGM,29.6149,"valid entry signal but no free slot (25/25 used, ranked #49 by RSI)"
2026-09-26T00:26:20Z,2026-09-24,MDT,0.8774,"valid entry signal but no free slot (24/25 used, ranked #2 by RSI)"
2026-09-26T00:26:20Z,2026-09-24,ADP,1.0071,"valid entry signal but no free slot (24/25 used, ranked #3 by RSI)"
2026-09-26T00:26:20Z,2026-09-24,NEE,1.0161,"valid entry signal but no free slot (24/25 used, ranked #4 by RSI)"
2026-09-26T00:26:20Z,2026-09-24,DUK,1.0697,"valid entry signal but no free slot (24/25 used, ranked #5 by RSI)"
2026-09-26T00:26:20Z,2026-09-24,INTU,1.2164,"valid entry signal but no free slot (24/25 used, ranked #6 by RSI)"
2026-09-26T00:26:20Z,2026-09-24,SO,1.3123,"valid entry signal but no free slot (24/25 used, ranked #7 by RSI)"
2026-09-26T00:26:20Z,2026-09-24,F,1.819,"valid entry signal but no free slot (24/25 used, ranked #8 by RSI)"
2026-09-26T00:26:20Z,2026-09-24,ELV,2.181,"valid entry signal but no free slot (24/25 used, ranked #9 by RSI)"
2026-09-26T00:26:20Z,2026-09-24,PNC,2.4431,"valid entry signal but no free slot (24/25 used, ranked #10 by RSI)"
2026-09-26T00:26:20Z,2026-09-24,MGM,3.2189,"valid entry signal but no free slot (24/25 used, ranked #11 by RSI)"
2026-09-26T00:26:20Z,2026-09-24,LVS,3.4086,"valid entry signal but no free slot (24/25 used, ranked #12 by RSI)"
2026-09-26T00:26:20Z,2026-09-24,AA,3.4476,"valid entry signal but no free slot (24/25 used, ranked #13 by RSI)"
2026-09-26T00:26:20Z,2026-09-24,ORCL,6.8312,"valid entry signal but no free slot (24/25 used, ranked #14 by RSI)"
2026-09-26T00:26:20Z,2026-09-24,USB,6.9837,"valid entry signal but no free slot (24/25 used, ranked #15 by RSI)"
2026-09-26T00:26:20Z,2026-09-24,FITB,7.6798,"valid entry signal but no free slot (24/25 used, ranked #16 by RSI)"
2026-09-26T00:26:20Z,2026-09-24,MCD,7.8436,"valid entry signal but no free slot (24/25 used, ranked #17 by RSI)"
2026-09-26T00:26:20Z,2026-09-24,HPQ,7.9993,"valid entry signal but no free slot (24/25 used, ranked #18 by RSI)"
2026-09-26T00:26:20Z,2026-09-24,ACN,8.3719,"valid entry signal but no free slot (24/25 used, ranked #19 by RSI)"
2026-09-26T00:26:20Z,2026-09-24,WYNN,8.6727,"valid entry signal but no free slot (24/25 used, ranked #20 by RSI)"
2026-09-26T00:26:20Z,2026-09-24,ABT,9.2003,"valid entry signal but no free slot (24/25 used, ranked #21 by RSI)"
2026-09-26T00:26:20Z,2026-09-24,GS,9.9893,"valid entry signal but no free slot (24/25 used, ranked #22 by RSI)"
2026-09-26T00:26:20Z,2026-09-24,BAC,10.13,"valid entry signal but no free slot (24/25 used, ranked #23 by RSI)"
2026-09-26T00:26:20Z,2026-09-24,SCHW,10.4227,"valid entry signal but no free slot (24/25 used, ranked #24 by RSI)"
2026-09-26T00:26:20Z,2026-09-24,CMCSA,12.9612,"valid entry signal but no free slot (24/25 used, ranked #25 by RSI)"
2026-09-26T00:26:20Z,2026-09-24,RTX,13.279,"valid entry signal but no free slot (24/25 used, ranked #26 by RSI)"
2026-09-26T00:26:20Z,2026-09-24,IBM,13.7396,"valid entry signal but no free slot (24/25 used, ranked #27 by RSI)"
2026-09-26T00:26:20Z,2026-09-24,MCK,13.8346,"valid entry signal but no free slot (24/25 used, ranked #28 by RSI)"
2026-09-26T00:26:20Z,2026-09-24,CL,14.2717,"valid entry signal but no free slot (24/25 used, ranked #29 by RSI)"
2026-09-26T00:26:20Z,2026-09-24,EBAY,17.2912,"valid entry signal but no free slot (24/25 used, ranked #30 by RSI)"
2026-09-26T00:26:20Z,2026-09-24,WFC,17.8923,"valid entry signal but no free slot (24/25 used, ranked #31 by RSI)"
2026-09-26T00:26:20Z,2026-09-24,CCL,17.9343,"valid entry signal but no free slot (24/25 used, ranked #32 by RSI)"
2026-09-26T00:26:20Z,2026-09-24,AKAM,19.4033,"valid entry signal but no free slot (24/25 used, ranked #33 by RSI)"
2026-09-26T00:26:20Z,2026-09-24,COF,19.8831,"valid entry signal but no free slot (24/25 used, ranked #34 by RSI)"
2026-09-26T00:26:20Z,2026-09-24,PG,20.2848,"valid entry signal but no free slot (24/25 used, ranked #35 by RSI)"
2026-09-26T00:26:20Z,2026-09-24,YUM,20.3677,"valid entry signal but no free slot (24/25 used, ranked #36 by RSI)"
2026-09-26T00:26:20Z,2026-09-24,NOC,20.4535,"valid entry signal but no free slot (24/25 used, ranked #37 by RSI)"
2026-09-26T00:26:20Z,2026-09-24,SHW,20.7075,"valid entry signal but no free slot (24/25 used, ranked #38 by RSI)"
2026-09-26T00:26:20Z,2026-09-24,EXPE,20.8078,"valid entry signal but no free slot (24/25 used, ranked #39 by RSI)"
2026-09-26T00:26:20Z,2026-09-24,SLB,20.8167,"valid entry signal but no free slot (24/25 used, ranked #40 by RSI)"
2026-09-26T00:26:20Z,2026-09-24,KMB,20.83,"valid entry signal but no free slot (24/25 used, ranked #41 by RSI)"
2026-09-26T00:26:20Z,2026-09-24,NEM,21.1708,"valid entry signal but no free slot (24/25 used, ranked #42 by RSI)"
2026-09-26T00:26:20Z,2026-09-24,AMZN,21.3039,"valid entry signal but no free slot (24/25 used, ranked #43 by RSI)"
2026-09-26T00:26:20Z,2026-09-24,ADBE,22.1488,"valid entry signal but no free slot (24/25 used, ranked #44 by RSI)"
2026-09-26T00:26:20Z,2026-09-24,AAPL,22.4634,"valid entry signal but no free slot (24/25 used, ranked #45 by RSI)"
2026-09-26T00:26:20Z,2026-09-24,BKNG,22.5966,"valid entry signal but no free slot (24/25 used, ranked #46 by RSI)"
2026-09-26T00:26:20Z,2026-09-24,TGT,22.9755,"valid entry signal but no free slot (24/25 used, ranked #47 by RSI)"
2026-09-26T00:26:20Z,2026-09-24,GILD,23.2454,"valid entry signal but no free slot (24/25 used, ranked #48 by RSI)"
2026-09-26T00:26:20Z,2026-09-24,JPM,24.2531,"valid entry signal but no free slot (24/25 used, ranked #49 by RSI)"
2026-09-26T00:26:20Z,2026-09-24,WMT,24.6159,"valid entry signal but no free slot (24/25 used, ranked #50 by RSI)"
2026-09-26T00:26:20Z,2026-09-24,SWKS,25.3976,"valid entry signal but no free slot (24/25 used, ranked #51 by RSI)"
2026-09-26T00:26:20Z,2026-09-24,LMT,25.5995,"valid entry signal but no free slot (24/25 used, ranked #52 by RSI)"
2026-09-26T00:26:20Z,2026-09-24,BBY,26.2778,"valid entry signal but no free slot (24/25 used, ranked #53 by RSI)"
2026-09-26T00:26:20Z,2026-09-24,BA,26.7486,"valid entry signal but no free slot (24/25 used, ranked #54 by RSI)"
2026-09-26T00:26:20Z,2026-09-24,COST,28.767,"valid entry signal but no free slot (24/25 used, ranked #55 by RSI)"
2026-09-26T00:26:20Z,2026-09-24,AIG,29.4423,"valid entry signal but no free slot (24/25 used, ranked #56 by RSI)"
2026-09-29T01:36:05Z,2026-09-28,SO,0.5643,"valid entry signal but no free slot (24/25 used, ranked #2 by RSI)"
2026-09-29T01:36:05Z,2026-09-28,ELV,0.6737,"valid entry signal but no free slot (24/25 used, ranked #3 by RSI)"
2026-09-29T01:36:05Z,2026-09-28,MGM,1.5766,"valid entry signal but no free slot (24/25 used, ranked #4 by RSI)"
2026-09-29T01:36:05Z,2026-09-28,ORCL,1.7948,"valid entry signal but no free slot (24/25 used, ranked #5 by RSI)"
2026-09-29T01:36:05Z,2026-09-28,REGN,2.1276,"valid entry signal but no free slot (24/25 used, ranked #6 by RSI)"
2026-09-29T01:36:05Z,2026-09-28,MCD,3.068,"valid entry signal but no free slot (24/25 used, ranked #7 by RSI)"
2026-09-29T01:36:05Z,2026-09-28,IBM,3.4644,"valid entry signal but no free slot (24/25 used, ranked #8 by RSI)"
2026-09-29T01:36:05Z,2026-09-28,ACN,3.9355,"valid entry signal but no free slot (24/25 used, ranked #9 by RSI)"
2026-09-29T01:36:05Z,2026-09-28,SCHW,3.9815,"valid entry signal but no free slot (24/25 used, ranked #10 by RSI)"
2026-09-29T01:36:05Z,2026-09-28,MCK,4.1595,"valid entry signal but no free slot (24/25 used, ranked #11 by RSI)"
2026-09-29T01:36:05Z,2026-09-28,ADBE,4.5608,"valid entry signal but no free slot (24/25 used, ranked #12 by RSI)"
2026-09-29T01:36:05Z,2026-09-28,AIG,4.5975,"valid entry signal but no free slot (24/25 used, ranked #13 by RSI)"
2026-09-29T01:36:05Z,2026-09-28,NEM,5.1703,"valid entry signal but no free slot (24/25 used, ranked #14 by RSI)"
2026-09-29T01:36:05Z,2026-09-28,CMCSA,5.5534,"valid entry signal but no free slot (24/25 used, ranked #15 by RSI)"
2026-09-29T01:36:05Z,2026-09-28,CLF,5.9482,"valid entry signal but no free slot (24/25 used, ranked #16 by RSI)"
2026-09-29T01:36:05Z,2026-09-28,BA,6.4987,"valid entry signal but no free slot (24/25 used, ranked #17 by RSI)"
2026-09-29T01:36:05Z,2026-09-28,LMT,7.7463,"valid entry signal but no free slot (24/25 used, ranked #18 by RSI)"
2026-09-29T01:36:05Z,2026-09-28,AMZN,8.2688,"valid entry signal but no free slot (24/25 used, ranked #19 by RSI)"
2026-09-29T01:36:05Z,2026-09-28,AA,8.71,"valid entry signal but no free slot (24/25 used, ranked #20 by RSI)"
2026-09-29T01:36:05Z,2026-09-28,ADP,9.2246,"valid entry signal but no free slot (24/25 used, ranked #21 by RSI)"
2026-09-29T01:36:05Z,2026-09-28,FFIV,9.5407,"valid entry signal but no free slot (24/25 used, ranked #22 by RSI)"
2026-09-29T01:36:05Z,2026-09-28,KO,10.3459,"valid entry signal but no free slot (24/25 used, ranked #23 by RSI)"
2026-09-29T01:36:05Z,2026-09-28,T,10.7351,"valid entry signal but no free slot (24/25 used, ranked #24 by RSI)"
2026-09-29T01:36:05Z,2026-09-28,EBAY,11.2498,"valid entry signal but no free slot (24/25 used, ranked #25 by RSI)"
2026-09-29T01:36:05Z,2026-09-28,F,11.3126,"valid entry signal but no free slot (24/25 used, ranked #26 by RSI)"
2026-09-29T01:36:05Z,2026-09-28,BBY,12.1479,"valid entry signal but no free slot (24/25 used, ranked #27 by RSI)"
2026-09-29T01:36:05Z,2026-09-28,ETN,13.7264,"valid entry signal but no free slot (24/25 used, ranked #28 by RSI)"
2026-09-29T01:36:05Z,2026-09-28,APA,15.2343,"valid entry signal but no free slot (24/25 used, ranked #29 by RSI)"
2026-09-29T01:36:05Z,2026-09-28,NEE,15.5616,"valid entry signal but no free slot (24/25 used, ranked #30 by RSI)"
2026-09-29T01:36:05Z,2026-09-28,ABT,15.5787,"valid entry signal but no free slot (24/25 used, ranked #31 by RSI)"
2026-09-29T01:36:05Z,2026-09-28,WFC,15.8441,"valid entry signal but no free slot (24/25 used, ranked #32 by RSI)"
2026-09-29T01:36:05Z,2026-09-28,PRU,16.111,"valid entry signal but no free slot (24/25 used, ranked #33 by RSI)"
2026-09-29T01:36:05Z,2026-09-28,NOC,16.3587,"valid entry signal but no free slot (24/25 used, ranked #34 by RSI)"
2026-09-29T01:36:05Z,2026-09-28,RTX,16.5187,"valid entry signal but no free slot (24/25 used, ranked #35 by RSI)"
2026-09-29T01:36:05Z,2026-09-28,MET,17.0642,"valid entry signal but no free slot (24/25 used, ranked #36 by RSI)"
2026-09-29T01:36:05Z,2026-09-28,DUK,18.0463,"valid entry signal but no free slot (24/25 used, ranked #37 by RSI)"
2026-09-29T01:36:05Z,2026-09-28,LULU,18.2217,"valid entry signal but no free slot (24/25 used, ranked #38 by RSI)"
2026-09-29T01:36:05Z,2026-09-28,BRK-B,18.5801,"valid entry signal but no free slot (24/25 used, ranked #39 by RSI)"
2026-09-29T01:36:05Z,2026-09-28,STT,19.255,"valid entry signal but no free slot (24/25 used, ranked #40 by RSI)"
2026-09-29T01:36:05Z,2026-09-28,BAC,20.309,"valid entry signal but no free slot (24/25 used, ranked #41 by RSI)"
2026-09-29T01:36:05Z,2026-09-28,MU,20.6829,"valid entry signal but no free slot (24/25 used, ranked #42 by RSI)"
2026-09-29T01:36:05Z,2026-09-28,GS,21.1782,"valid entry signal but no free slot (24/25 used, ranked #43 by RSI)"
2026-09-29T01:36:05Z,2026-09-28,DVN,21.2875,"valid entry signal but no free slot (24/25 used, ranked #44 by RSI)"
2026-09-29T01:36:05Z,2026-09-28,GLW,22.2034,"valid entry signal but no free slot (24/25 used, ranked #45 by RSI)"
2026-09-29T01:36:05Z,2026-09-28,QCOM,23.1044,"valid entry signal but no free slot (24/25 used, ranked #46 by RSI)"
2026-09-29T01:36:05Z,2026-09-28,DE,23.5581,"valid entry signal but no free slot (24/25 used, ranked #47 by RSI)"
2026-09-29T01:36:05Z,2026-09-28,AKAM,24.3915,"valid entry signal but no free slot (24/25 used, ranked #48 by RSI)"
2026-09-29T01:36:05Z,2026-09-28,JPM,25.5846,"valid entry signal but no free slot (24/25 used, ranked #49 by RSI)"
2026-09-29T01:36:05Z,2026-09-28,HPQ,26.4183,"valid entry signal but no free slot (24/25 used, ranked #50 by RSI)"
2026-09-29T01:36:05Z,2026-09-28,C,27.6652,"valid entry signal but no free slot (24/25 used, ranked #51 by RSI)"
2026-09-29T01:36:05Z,2026-09-28,LVS,27.9401,"valid entry signal but no free slot (24/25 used, ranked #52 by RSI)"
2026-09-29T01:36:05Z,2026-09-28,PNC,28.1171,"valid entry signal but no free slot (24/25 used, ranked #53 by RSI)"
2026-09-29T01:36:05Z,2026-09-28,SWKS,28.6989,"valid entry signal but no free slot (24/25 used, ranked #54 by RSI)"
2026-09-29T01:36:05Z,2026-09-28,FCX,29.648,"valid entry signal but no free slot (24/25 used, ranked #55 by RSI)"
2026-09-29T01:36:05Z,2026-09-28,BKR,29.7866,"valid entry signal but no free slot (24/25 used, ranked #56 by RSI)"
2026-10-01T01:09:16Z,2026-09-29,REGN,1.9666,"valid entry signal but no free slot (23/25 used, ranked #3 by RSI)"
2026-10-01T01:09:16Z,2026-09-29,LMT,2.3281,"valid entry signal but no free slot (23/25 used, ranked #4 by RSI)"
2026-10-01T01:09:16Z,2026-09-29,EBAY,2.4597,"valid entry signal but no free slot (23/25 used, ranked #5 by RSI)"
2026-10-01T01:09:16Z,2026-09-29,SLB,2.7902,"valid entry signal but no free slot (23/25 used, ranked #6 by RSI)"
2026-10-01T01:09:16Z,2026-09-29,CMCSA,2.8563,"valid entry signal but no free slot (23/25 used, ranked #7 by RSI)"
2026-10-01T01:09:16Z,2026-09-29,IBM,2.9331,"valid entry signal but no free slot (23/25 used, ranked #8 by RSI)"
2026-10-01T01:09:16Z,2026-09-29,LULU,3.1473,"valid entry signal but no free slot (23/25 used, ranked #9 by RSI)"
2026-10-01T01:09:16Z,2026-09-29,CLF,4.5027,"valid entry signal but no free slot (23/25 used, ranked #10 by RSI)"
2026-10-01T01:09:16Z,2026-09-29,T,4.5136,"valid entry signal but no free slot (23/25 used, ranked #11 by RSI)"
2026-10-01T01:09:16Z,2026-09-29,BBY,4.9056,"valid entry signal but no free slot (23/25 used, ranked #12 by RSI)"
2026-10-01T01:09:16Z,2026-09-29,AA,5.8848,"valid entry signal but no free slot (23/25 used, ranked #13 by RSI)"
2026-10-01T01:09:16Z,2026-09-29,KO,6.1087,"valid entry signal but no free slot (23/25 used, ranked #14 by RSI)"
2026-10-01T01:09:16Z,2026-09-29,STT,7.3169,"valid entry signal but no free slot (23/25 used, ranked #15 by RSI)"
2026-10-01T01:09:16Z,2026-09-29,DE,7.7628,"valid entry signal but no free slot (23/25 used, ranked #16 by RSI)"
2026-10-01T01:09:16Z,2026-09-29,HPQ,7.857,"valid entry signal but no free slot (23/25 used, ranked #17 by RSI)"
2026-10-01T01:09:16Z,2026-09-29,WYNN,8.2787,"valid entry signal but no free slot (23/25 used, ranked #18 by RSI)"
2026-10-01T01:09:16Z,2026-09-29,F,8.5931,"valid entry signal but no free slot (23/25 used, ranked #19 by RSI)"
2026-10-01T01:09:16Z,2026-09-29,FCX,8.8443,"valid entry signal but no free slot (23/25 used, ranked #20 by RSI)"
2026-10-01T01:09:16Z,2026-09-29,ADP,9.2246,"valid entry signal but no free slot (23/25 used, ranked #21 by RSI)"
2026-10-01T01:09:16Z,2026-09-29,BKR,10.6352,"valid entry signal but no free slot (23/25 used, ranked #22 by RSI)"
2026-10-01T01:09:16Z,2026-09-29,PRU,10.7163,"valid entry signal but no free slot (23/25 used, ranked #23 by RSI)"
2026-10-01T01:09:16Z,2026-09-29,ITW,10.7988,"valid entry signal but no free slot (23/25 used, ranked #24 by RSI)"
2026-10-01T01:09:16Z,2026-09-29,MET,11.165,"valid entry signal but no free slot (23/25 used, ranked #25 by RSI)"
2026-10-01T01:09:16Z,2026-09-29,AAPL,11.4644,"valid entry signal but no free slot (23/25 used, ranked #26 by RSI)"
2026-10-01T01:09:16Z,2026-09-29,LVS,11.4646,"valid entry signal but no free slot (23/25 used, ranked #27 by RSI)"
2026-10-01T01:09:16Z,2026-09-29,RTX,11.6457,"valid entry signal but no free slot (23/25 used, ranked #28 by RSI)"
2026-10-01T01:09:16Z,2026-09-29,APA,12.3859,"valid entry signal but no free slot (23/25 used, ranked #29 by RSI)"
2026-10-01T01:09:16Z,2026-09-29,BAC,12.7861,"valid entry signal but no free slot (23/25 used, ranked #30 by RSI)"
2026-10-01T01:09:16Z,2026-09-29,NOC,12.8187,"valid entry signal but no free slot (23/25 used, ranked #31 by RSI)"
2026-10-01T01:09:16Z,2026-09-29,WFC,13.0136,"valid entry signal but no free slot (23/25 used, ranked #32 by RSI)"
2026-10-01T01:09:16Z,2026-09-29,BRK-B,13.5123,"valid entry signal but no free slot (23/25 used, ranked #33 by RSI)"
2026-10-01T01:09:16Z,2026-09-29,JNJ,13.7522,"valid entry signal but no free slot (23/25 used, ranked #34 by RSI)"
2026-10-01T01:09:16Z,2026-09-29,PNC,14.3019,"valid entry signal but no free slot (23/25 used, ranked #35 by RSI)"
2026-10-01T01:09:16Z,2026-09-29,FITB,14.7158,"valid entry signal but no free slot (23/25 used, ranked #36 by RSI)"
2026-10-01T01:09:16Z,2026-09-29,ABT,14.7856,"valid entry signal but no free slot (23/25 used, ranked #37 by RSI)"
2026-10-01T01:09:16Z,2026-09-29,MCD,15.4488,"valid entry signal but no free slot (23/25 used, ranked #38 by RSI)"
2026-10-01T01:09:16Z,2026-09-29,HON,17.0724,"valid entry signal but no free slot (23/25 used, ranked #39 by RSI)"
2026-10-01T01:09:16Z,2026-09-29,QCOM,17.3156,"valid entry signal but no free slot (23/25 used, ranked #40 by RSI)"
2026-10-01T01:09:16Z,2026-09-29,DVN,18.4517,"valid entry signal but no free slot (23/25 used, ranked #41 by RSI)"
2026-10-01T01:09:16Z,2026-09-29,USB,19.0396,"valid entry signal but no free slot (23/25 used, ranked #42 by RSI)"
2026-10-01T01:09:16Z,2026-09-29,JPM,19.4221,"valid entry signal but no free slot (23/25 used, ranked #43 by RSI)"
2026-10-01T01:09:16Z,2026-09-29,EOG,19.5774,"valid entry signal but no free slot (23/25 used, ranked #44 by RSI)"
2026-10-01T01:09:16Z,2026-09-29,MDT,19.6069,"valid entry signal but no free slot (23/25 used, ranked #45 by RSI)"
2026-10-01T01:09:16Z,2026-09-29,WMT,20.5121,"valid entry signal but no free slot (23/25 used, ranked #46 by RSI)"
2026-10-01T01:09:16Z,2026-09-29,GS,21.125,"valid entry signal but no free slot (23/25 used, ranked #47 by RSI)"
2026-10-01T01:09:16Z,2026-09-29,AKAM,21.8446,"valid entry signal but no free slot (23/25 used, ranked #48 by RSI)"
2026-10-01T01:09:16Z,2026-09-29,PPG,22.1197,"valid entry signal but no free slot (23/25 used, ranked #49 by RSI)"
2026-10-01T01:09:16Z,2026-09-29,C,22.5215,"valid entry signal but no free slot (23/25 used, ranked #50 by RSI)"
2026-10-01T01:09:16Z,2026-09-29,GOOGL,24.2843,"valid entry signal but no free slot (23/25 used, ranked #51 by RSI)"
2026-10-01T01:09:16Z,2026-09-29,AMZN,24.3906,"valid entry signal but no free slot (23/25 used, ranked #52 by RSI)"
2026-10-01T01:09:16Z,2026-09-29,BSX,24.9079,"valid entry signal but no free slot (23/25 used, ranked #53 by RSI)"
2026-10-01T01:09:16Z,2026-09-29,DD,25.1261,"valid entry signal but no free slot (23/25 used, ranked #54 by RSI)"
2026-10-01T01:09:16Z,2026-09-29,MA,25.7671,"valid entry signal but no free slot (23/25 used, ranked #55 by RSI)"
2026-10-01T01:09:16Z,2026-09-29,YUM,27.2325,"valid entry signal but no free slot (23/25 used, ranked #56 by RSI)"
2026-10-01T01:09:16Z,2026-09-29,NEM,27.387,"valid entry signal but no free slot (23/25 used, ranked #57 by RSI)"
2026-10-01T01:09:16Z,2026-09-29,ROST,28.1566,"valid entry signal but no free slot (23/25 used, ranked #58 by RSI)"
2026-10-01T01:09:16Z,2026-09-29,TGT,28.4212,"valid entry signal but no free slot (23/25 used, ranked #59 by RSI)"
2026-10-01T01:09:16Z,2026-09-29,MO,28.4276,"valid entry signal but no free slot (23/25 used, ranked #60 by RSI)"
2026-10-01T01:09:16Z,2026-09-29,DG,28.581,"valid entry signal but no free slot (23/25 used, ranked #61 by RSI)"
2026-10-01T01:09:16Z,2026-09-29,GE,29.0757,"valid entry signal but no free slot (23/25 used, ranked #62 by RSI)"
2026-10-02T01:24:46Z,2026-09-30,NOC,1.476,"valid entry signal but no free slot (23/25 used, ranked #3 by RSI)"
2026-10-02T01:24:46Z,2026-09-30,ADP,1.602,"valid entry signal but no free slot (23/25 used, ranked #4 by RSI)"
2026-10-02T01:24:46Z,2026-09-30,ABT,1.8045,"valid entry signal but no free slot (23/25 used, ranked #5 by RSI)"
2026-10-02T01:24:46Z,2026-09-30,KO,2.1579,"valid entry signal but no free slot (23/25 used, ranked #6 by RSI)"
2026-10-02T01:24:46Z,2026-09-30,LULU,2.415,"valid entry signal but no free slot (23/25 used, ranked #7 by RSI)"
2026-10-02T01:24:46Z,2026-09-30,STT,2.416,"valid entry signal but no free slot (23/25 used, ranked #8 by RSI)"
2026-10-02T01:24:46Z,2026-09-30,IBM,2.8558,"valid entry signal but no free slot (23/25 used, ranked #9 by RSI)"
2026-10-02T01:24:46Z,2026-09-30,BRK-B,3.1842,"valid entry signal but no free slot (23/25 used, ranked #10 by RSI)"
2026-10-02T01:24:46Z,2026-09-30,BBY,3.2184,"valid entry signal but no free slot (23/25 used, ranked #11 by RSI)"
2026-10-02T01:24:46Z,2026-09-30,F,3.5183,"valid entry signal but no free slot (23/25 used, ranked #12 by RSI)"
2026-10-02T01:24:46Z,2026-09-30,ITW,3.5898,"valid entry signal but no free slot (23/25 used, ranked #13 by RSI)"
2026-10-02T01:24:46Z,2026-09-30,T,3.6973,"valid entry signal but no free slot (23/25 used, ranked #14 by RSI)"
2026-10-02T01:24:46Z,2026-09-30,DE,3.7251,"valid entry signal but no free slot (23/25 used, ranked #15 by RSI)"
2026-10-02T01:24:46Z,2026-09-30,CLF,4.5027,"valid entry signal but no free slot (23/25 used, ranked #16 by RSI)"
2026-10-02T01:24:46Z,2026-09-30,APA,4.5268,"valid entry signal but no free slot (23/25 used, ranked #17 by RSI)"
2026-10-02T01:24:46Z,2026-09-30,FCX,4.5412,"valid entry signal but no free slot (23/25 used, ranked #18 by RSI)"
2026-10-02T01:24:46Z,2026-09-30,LVS,4.9683,"valid entry signal but no free slot (23/25 used, ranked #19 by RSI)"
2026-10-02T01:24:46Z,2026-09-30,MCD,5.0757,"valid entry signal but no free slot (23/25 used, ranked #20 by RSI)"
2026-10-02T01:24:46Z,2026-09-30,BKR,5.0813,"valid entry signal but no free slot (23/25 used, ranked #21 by RSI)"
2026-10-02T01:24:46Z,2026-09-30,MET,5.1695,"valid entry signal but no free slot (23/25 used, ranked #22 by RSI)"
2026-10-02T01:24:46Z,2026-09-30,MO,5.2956,"valid entry signal but no free slot (23/25 used, ranked #23 by RSI)"
2026-10-02T01:24:46Z,2026-09-30,PRU,5.4612,"valid entry signal but no free slot (23/25 used, ranked #24 by RSI)"
2026-10-02T01:24:46Z,2026-09-30,RTX,5.6613,"valid entry signal but no free slot (23/25 used, ranked #25 by RSI)"
2026-10-02T01:24:46Z,2026-09-30,MA,5.6696,"valid entry signal but no free slot (23/25 used, ranked #26 by RSI)"
2026-10-02T01:24:46Z,2026-09-30,V,6.1884,"valid entry signal but no free slot (23/25 used, ranked #27 by RSI)"
2026-10-02T01:24:46Z,2026-09-30,JNJ,6.5197,"valid entry signal but no free slot (23/25 used, ranked #28 by RSI)"
2026-10-02T01:24:46Z,2026-09-30,WMT,6.8646,"valid entry signal but no free slot (23/25 used, ranked #29 by RSI)"
2026-10-02T01:24:46Z,2026-09-30,GS,7.0589,"valid entry signal but no free slot (23/25 used, ranked #30 by RSI)"
2026-10-02T01:24:46Z,2026-09-30,EOG,7.069,"valid entry signal but no free slot (23/25 used, ranked #31 by RSI)"
2026-10-02T01:24:46Z,2026-09-30,BAC,7.2243,"valid entry signal but no free slot (23/25 used, ranked #32 by RSI)"
2026-10-02T01:24:46Z,2026-09-30,UNH,7.3954,"valid entry signal but no free slot (23/25 used, ranked #33 by RSI)"
2026-10-02T01:24:46Z,2026-09-30,PPG,7.6758,"valid entry signal but no free slot (23/25 used, ranked #34 by RSI)"
2026-10-02T01:24:46Z,2026-09-30,DVN,8.5915,"valid entry signal but no free slot (23/25 used, ranked #35 by RSI)"
2026-10-02T01:24:46Z,2026-09-30,LLY,8.6438,"valid entry signal but no free slot (23/25 used, ranked #36 by RSI)"
2026-10-02T01:24:46Z,2026-09-30,JPM,8.6638,"valid entry signal but no free slot (23/25 used, ranked #37 by RSI)"
2026-10-02T01:24:46Z,2026-09-30,WFC,8.8795,"valid entry signal but no free slot (23/25 used, ranked #38 by RSI)"
2026-10-02T01:24:46Z,2026-09-30,DG,9.3579,"valid entry signal but no free slot (23/25 used, ranked #39 by RSI)"
2026-10-02T01:24:46Z,2026-09-30,MRK,9.781,"valid entry signal but no free slot (23/25 used, ranked #40 by RSI)"
2026-10-02T01:24:46Z,2026-09-30,YUM,9.9083,"valid entry signal but no free slot (23/25 used, ranked #41 by RSI)"
2026-10-02T01:24:46Z,2026-09-30,COF,9.9558,"valid entry signal but no free slot (23/25 used, ranked #42 by RSI)"
2026-10-02T01:24:46Z,2026-09-30,GE,10.9398,"valid entry signal but no free slot (23/25 used, ranked #43 by RSI)"
2026-10-02T01:24:46Z,2026-09-30,C,11.4762,"valid entry signal but no free slot (23/25 used, ranked #44 by RSI)"
2026-10-02T01:24:46Z,2026-09-30,AA,12.0011,"valid entry signal but no free slot (23/25 used, ranked #45 by RSI)"
2026-10-02T01:24:46Z,2026-09-30,AKAM,12.0547,"valid entry signal but no free slot (23/25 used, ranked #46 by RSI)"
2026-10-02T01:24:46Z,2026-09-30,MDT,13.1882,"valid entry signal but no free slot (23/25 used, ranked #47 by RSI)"
2026-10-02T01:24:46Z,2026-09-30,SWKS,13.3487,"valid entry signal but no free slot (23/25 used, ranked #48 by RSI)"
2026-10-02T01:24:46Z,2026-09-30,BSX,13.9995,"valid entry signal but no free slot (23/25 used, ranked #49 by RSI)"
2026-10-02T01:24:46Z,2026-09-30,BLK,14.4783,"valid entry signal but no free slot (23/25 used, ranked #50 by RSI)"
2026-10-02T01:24:46Z,2026-09-30,CL,15.0108,"valid entry signal but no free slot (23/25 used, ranked #51 by RSI)"
2026-10-02T01:24:46Z,2026-09-30,NEM,15.3133,"valid entry signal but no free slot (23/25 used, ranked #52 by RSI)"
2026-10-02T01:24:46Z,2026-09-30,GILD,15.4609,"valid entry signal but no free slot (23/25 used, ranked #53 by RSI)"
2026-10-02T01:24:46Z,2026-09-30,ORLY,15.6996,"valid entry signal but no free slot (23/25 used, ranked #54 by RSI)"
2026-10-02T01:24:46Z,2026-09-30,QCOM,17.1629,"valid entry signal but no free slot (23/25 used, ranked #55 by RSI)"
2026-10-02T01:24:46Z,2026-09-30,SBUX,17.9511,"valid entry signal but no free slot (23/25 used, ranked #56 by RSI)"
2026-10-02T01:24:46Z,2026-09-30,NKE,18.0175,"valid entry signal but no free slot (23/25 used, ranked #57 by RSI)"
2026-10-02T01:24:46Z,2026-09-30,ETN,18.131,"valid entry signal but no free slot (23/25 used, ranked #58 by RSI)"
2026-10-02T01:24:46Z,2026-09-30,KMB,18.2838,"valid entry signal but no free slot (23/25 used, ranked #59 by RSI)"
2026-10-02T01:24:46Z,2026-09-30,DHR,18.4,"valid entry signal but no free slot (23/25 used, ranked #60 by RSI)"
2026-10-02T01:24:46Z,2026-09-30,EMR,18.4223,"valid entry signal but no free slot (23/25 used, ranked #61 by RSI)"
2026-10-02T01:24:46Z,2026-09-30,ROST,18.423,"valid entry signal but no free slot (23/25 used, ranked #62 by RSI)"
2026-10-02T01:24:46Z,2026-09-30,PG,18.5366,"valid entry signal but no free slot (23/25 used, ranked #63 by RSI)"
2026-10-02T01:24:46Z,2026-09-30,FITB,18.9601,"valid entry signal but no free slot (23/25 used, ranked #64 by RSI)"
2026-10-02T01:24:46Z,2026-09-30,SCHW,19.3386,"valid entry signal but no free slot (23/25 used, ranked #65 by RSI)"
2026-10-02T01:24:46Z,2026-09-30,SHW,19.4772,"valid entry signal but no free slot (23/25 used, ranked #66 by RSI)"
2026-10-02T01:24:46Z,2026-09-30,AXP,19.7772,"valid entry signal but no free slot (23/25 used, ranked #67 by RSI)"
2026-10-02T01:24:46Z,2026-09-30,DD,20.0714,"valid entry signal but no free slot (23/25 used, ranked #68 by RSI)"
2026-10-02T01:24:46Z,2026-09-30,LUV,21.9419,"valid entry signal but no free slot (23/25 used, ranked #69 by RSI)"
2026-10-02T01:24:46Z,2026-09-30,DIS,22.0448,"valid entry signal but no free slot (23/25 used, ranked #70 by RSI)"
2026-10-02T01:24:46Z,2026-09-30,MCK,22.8103,"valid entry signal but no free slot (23/25 used, ranked #71 by RSI)"
2026-10-02T01:24:46Z,2026-09-30,COST,22.8312,"valid entry signal but no free slot (23/25 used, ranked #72 by RSI)"
2026-10-02T01:24:46Z,2026-09-30,BIIB,23.1224,"valid entry signal but no free slot (23/25 used, ranked #73 by RSI)"
2026-10-02T01:24:46Z,2026-09-30,VRTX,23.4839,"valid entry signal but no free slot (23/25 used, ranked #74 by RSI)"
2026-10-02T01:24:46Z,2026-09-30,PM,23.5511,"valid entry signal but no free slot (23/25 used, ranked #75 by RSI)"
2026-10-02T01:24:46Z,2026-09-30,CAT,25.12,"valid entry signal but no free slot (23/25 used, ranked #76 by RSI)"
2026-10-02T01:24:46Z,2026-09-30,PFE,26.2407,"valid entry signal but no free slot (23/25 used, ranked #77 by RSI)"
2026-10-02T01:24:46Z,2026-09-30,BA,26.3395,"valid entry signal but no free slot (23/25 used, ranked #78 by RSI)"
2026-10-02T01:24:46Z,2026-09-30,KR,27.8952,"valid entry signal but no free slot (23/25 used, ranked #79 by RSI)"
2026-10-02T01:24:46Z,2026-09-30,UAL,29.1651,"valid entry signal but no free slot (23/25 used, ranked #80 by RSI)"
2026-10-02T01:24:46Z,2026-09-30,CVX,29.678,"valid entry signal but no free slot (23/25 used, ranked #81 by RSI)"
2026-10-02T01:24:46Z,2026-09-30,EXPE,29.6838,"valid entry signal but no free slot (23/25 used, ranked #82 by RSI)"
2026-10-03T01:00:03Z,2026-10-01,ABT,0.6509,"valid entry signal but no free slot (25/25 used, ranked #1 by RSI)"
2026-10-03T01:00:03Z,2026-10-01,NOC,1.3132,"valid entry signal but no free slot (25/25 used, ranked #2 by RSI)"
2026-10-03T01:00:03Z,2026-10-01,LVS,1.4241,"valid entry signal but no free slot (25/25 used, ranked #3 by RSI)"
2026-10-03T01:00:03Z,2026-10-01,BBY,1.8622,"valid entry signal but no free slot (25/25 used, ranked #4 by RSI)"
2026-10-03T01:00:03Z,2026-10-01,LULU,1.97,"valid entry signal but no free slot (25/25 used, ranked #5 by RSI)"
2026-10-03T01:00:03Z,2026-10-01,JNJ,2.0001,"valid entry signal but no free slot (25/25 used, ranked #6 by RSI)"
2026-10-03T01:00:03Z,2026-10-01,DE,2.3154,"valid entry signal but no free slot (25/25 used, ranked #7 by RSI)"
2026-10-03T01:00:03Z,2026-10-01,FCX,2.4067,"valid entry signal but no free slot (25/25 used, ranked #8 by RSI)"
2026-10-03T01:00:03Z,2026-10-01,T,2.5461,"valid entry signal but no free slot (25/25 used, ranked #9 by RSI)"
2026-10-03T01:00:03Z,2026-10-01,DIS,2.6865,"valid entry signal but no free slot (25/25 used, ranked #10 by RSI)"
2026-10-03T01:00:03Z,2026-10-01,BAC,3.3616,"valid entry signal but no free slot (25/25 used, ranked #11 by RSI)"
2026-10-03T01:00:03Z,2026-10-01,VRTX,3.5818,"valid entry signal but no free slot (25/25 used, ranked #12 by RSI)"
2026-10-03T01:00:03Z,2026-10-01,MO,3.6273,"valid entry signal but no free slot (25/25 used, ranked #13 by RSI)"
2026-10-03T01:00:03Z,2026-10-01,RTX,3.7495,"valid entry signal but no free slot (25/25 used, ranked #14 by RSI)"
2026-10-03T01:00:03Z,2026-10-01,C,4.0369,"valid entry signal but no free slot (25/25 used, ranked #15 by RSI)"
2026-10-03T01:00:03Z,2026-10-01,PRU,4.2067,"valid entry signal but no free slot (25/25 used, ranked #16 by RSI)"
2026-10-03T01:00:03Z,2026-10-01,DHR,4.2324,"valid entry signal but no free slot (25/25 used, ranked #17 by RSI)"
2026-10-03T01:00:03Z,2026-10-01,KMB,4.4636,"valid entry signal but no free slot (25/25 used, ranked #18 by RSI)"
2026-10-03T01:00:03Z,2026-10-01,MA,4.7669,"valid entry signal but no free slot (25/25 used, ranked #19 by RSI)"
2026-10-03T01:00:03Z,2026-10-01,TMO,4.8148,"valid entry signal but no free slot (25/25 used, ranked #20 by RSI)"
2026-10-03T01:00:03Z,2026-10-01,KO,5.3783,"valid entry signal but no free slot (25/25 used, ranked #21 by RSI)"
2026-10-03T01:00:03Z,2026-10-01,BSX,5.3855,"valid entry signal but no free slot (25/25 used, ranked #22 by RSI)"
2026-10-03T01:00:03Z,2026-10-01,GS,5.3908,"valid entry signal but no free slot (25/25 used, ranked #23 by RSI)"
2026-10-03T01:00:03Z,2026-10-01,UNH,5.4019,"valid entry signal but no free slot (25/25 used, ranked #24 by RSI)"
2026-10-03T01:00:03Z,2026-10-01,MRK,5.8853,"valid entry signal but no free slot (25/25 used, ranked #25 by RSI)"
2026-10-03T01:00:03Z,2026-10-01,LLY,5.8881,"valid entry signal but no free slot (25/25 used, ranked #26 by RSI)"
2026-10-03T01:00:03Z,2026-10-01,SWKS,5.9585,"valid entry signal but no free slot (25/25 used, ranked #27 by RSI)"
2026-10-03T01:00:03Z,2026-10-01,PFE,6.6474,"valid entry signal but no free slot (25/25 used, ranked #28 by RSI)"
2026-10-03T01:00:03Z,2026-10-01,BIIB,7.1072,"valid entry signal but no free slot (25/25 used, ranked #29 by RSI)"
2026-10-03T01:00:03Z,2026-10-01,CL,7.2493,"valid entry signal but no free slot (25/25 used, ranked #30 by RSI)"
2026-10-03T01:00:03Z,2026-10-01,DG,7.2783,"valid entry signal but no free slot (25/25 used, ranked #31 by RSI)"
2026-10-03T01:00:03Z,2026-10-01,GILD,8.0462,"valid entry signal but no free slot (25/25 used, ranked #32 by RSI)"
2026-10-03T01:00:03Z,2026-10-01,AXP,8.9233,"valid entry signal but no free slot (25/25 used, ranked #33 by RSI)"
2026-10-03T01:00:03Z,2026-10-01,DD,9.0942,"valid entry signal but no free slot (25/25 used, ranked #34 by RSI)"
2026-10-03T01:00:03Z,2026-10-01,ORLY,9.2236,"valid entry signal but no free slot (25/25 used, ranked #35 by RSI)"
2026-10-03T01:00:03Z,2026-10-01,PM,10.4664,"valid entry signal but no free slot (25/25 used, ranked #36 by RSI)"
2026-10-03T01:00:03Z,2026-10-01,QCOM,10.9103,"valid entry signal but no free slot (25/25 used, ranked #37 by RSI)"
2026-10-03T01:00:03Z,2026-10-01,NEM,11.4486,"valid entry signal but no free slot (25/25 used, ranked #38 by RSI)"
2026-10-03T01:00:03Z,2026-10-01,PG,11.4919,"valid entry signal but no free slot (25/25 used, ranked #39 by RSI)"
2026-10-03T01:00:03Z,2026-10-01,NKE,11.675,"valid entry signal but no free slot (25/25 used, ranked #40 by RSI)"
2026-10-03T01:00:03Z,2026-10-01,REGN,12.0675,"valid entry signal but no free slot (25/25 used, ranked #41 by RSI)"
2026-10-03T01:00:03Z,2026-10-01,FITB,12.1229,"valid entry signal but no free slot (25/25 used, ranked #42 by RSI)"
2026-10-03T01:00:03Z,2026-10-01,GE,12.8807,"valid entry signal but no free slot (25/25 used, ranked #43 by RSI)"
2026-10-03T01:00:03Z,2026-10-01,SHW,13.3741,"valid entry signal but no free slot (25/25 used, ranked #44 by RSI)"
2026-10-03T01:00:03Z,2026-10-01,AMGN,14.1386,"valid entry signal but no free slot (25/25 used, ranked #45 by RSI)"
2026-10-03T01:00:03Z,2026-10-01,ISRG,15.7042,"valid entry signal but no free slot (25/25 used, ranked #46 by RSI)"
2026-10-03T01:00:03Z,2026-10-01,PNC,15.8997,"valid entry signal but no free slot (25/25 used, ranked #47 by RSI)"
2026-10-03T01:00:03Z,2026-10-01,V,16.7289,"valid entry signal but no free slot (25/25 used, ranked #48 by RSI)"
2026-10-03T01:00:03Z,2026-10-01,USB,17.6033,"valid entry signal but no free slot (25/25 used, ranked #49 by RSI)"
2026-10-03T01:00:03Z,2026-10-01,CI,17.9161,"valid entry signal but no free slot (25/25 used, ranked #50 by RSI)"
2026-10-03T01:00:03Z,2026-10-01,ILMN,18.7431,"valid entry signal but no free slot (25/25 used, ranked #51 by RSI)"
2026-10-03T01:00:03Z,2026-10-01,BKNG,18.8882,"valid entry signal but no free slot (25/25 used, ranked #52 by RSI)"
2026-10-03T01:00:03Z,2026-10-01,WYNN,18.9348,"valid entry signal but no free slot (25/25 used, ranked #53 by RSI)"
2026-10-03T01:00:03Z,2026-10-01,WMT,19.5093,"valid entry signal but no free slot (25/25 used, ranked #54 by RSI)"
2026-10-03T01:00:03Z,2026-10-01,MET,20.7238,"valid entry signal but no free slot (25/25 used, ranked #55 by RSI)"
2026-10-03T01:00:03Z,2026-10-01,GOOGL,21.6843,"valid entry signal but no free slot (25/25 used, ranked #56 by RSI)"
2026-10-03T01:00:03Z,2026-10-01,LIN,22.0296,"valid entry signal but no free slot (25/25 used, ranked #57 by RSI)"
2026-10-03T01:00:03Z,2026-10-01,MDT,22.6804,"valid entry signal but no free slot (25/25 used, ranked #58 by RSI)"
2026-10-03T01:00:03Z,2026-10-01,EXPE,23.4946,"valid entry signal but no free slot (25/25 used, ranked #59 by RSI)"
2026-10-03T01:00:03Z,2026-10-01,PPG,26.8857,"valid entry signal but no free slot (25/25 used, ranked #60 by RSI)"
2026-10-03T01:00:03Z,2026-10-01,AAPL,28.663,"valid entry signal but no free slot (25/25 used, ranked #61 by RSI)"
2026-10-03T01:00:03Z,2026-10-01,AKAM,29.506,"valid entry signal but no free slot (25/25 used, ranked #62 by RSI)"
2026-10-03T01:00:03Z,2026-10-01,WFC,29.6643,"valid entry signal but no free slot (25/25 used, ranked #63 by RSI)"
2026-10-06T02:07:58Z,2026-10-05,T,1.4572,"valid entry signal but no free slot (20/25 used, ranked #6 by RSI)"
2026-10-06T02:07:58Z,2026-10-05,ORLY,1.64,"valid entry signal but no free slot (20/25 used, ranked #7 by RSI)"
2026-10-06T02:07:58Z,2026-10-05,RTX,1.7966,"valid entry signal but no free slot (20/25 used, ranked #8 by RSI)"
2026-10-06T02:07:58Z,2026-10-05,VRTX,2.4342,"valid entry signal but no free slot (20/25 used, ranked #9 by RSI)"
2026-10-06T02:07:58Z,2026-10-05,TGT,2.5049,"valid entry signal but no free slot (20/25 used, ranked #10 by RSI)"
2026-10-06T02:07:58Z,2026-10-05,GE,2.7796,"valid entry signal but no free slot (20/25 used, ranked #11 by RSI)"
2026-10-06T02:07:58Z,2026-10-05,GILD,2.8292,"valid entry signal but no free slot (20/25 used, ranked #12 by RSI)"
2026-10-06T02:07:58Z,2026-10-05,ROST,4.4038,"valid entry signal but no free slot (20/25 used, ranked #13 by RSI)"
2026-10-06T02:07:58Z,2026-10-05,MRK,5.0519,"valid entry signal but no free slot (20/25 used, ranked #14 by RSI)"
2026-10-06T02:07:58Z,2026-10-05,LLY,6.397,"valid entry signal but no free slot (20/25 used, ranked #15 by RSI)"
2026-10-06T02:07:58Z,2026-10-05,REGN,6.9387,"valid entry signal but no free slot (20/25 used, ranked #16 by RSI)"
2026-10-06T02:07:58Z,2026-10-05,SHW,7.2364,"valid entry signal but no free slot (20/25 used, ranked #17 by RSI)"
2026-10-06T02:07:58Z,2026-10-05,BKNG,8.0679,"valid entry signal but no free slot (20/25 used, ranked #18 by RSI)"
2026-10-06T02:07:58Z,2026-10-05,CMG,8.379,"valid entry signal but no free slot (20/25 used, ranked #19 by RSI)"
2026-10-06T02:07:58Z,2026-10-05,AMGN,9.5153,"valid entry signal but no free slot (20/25 used, ranked #20 by RSI)"
2026-10-06T02:07:58Z,2026-10-05,NKE,12.2009,"valid entry signal but no free slot (20/25 used, ranked #21 by RSI)"
2026-10-06T02:07:58Z,2026-10-05,BBY,13.6153,"valid entry signal but no free slot (20/25 used, ranked #22 by RSI)"
2026-10-06T02:07:58Z,2026-10-05,PNC,15.8055,"valid entry signal but no free slot (20/25 used, ranked #23 by RSI)"
2026-10-06T02:07:58Z,2026-10-05,CMCSA,16.6317,"valid entry signal but no free slot (20/25 used, ranked #24 by RSI)"
2026-10-06T02:07:58Z,2026-10-05,DAL,17.7347,"valid entry signal but no free slot (20/25 used, ranked #25 by RSI)"
2026-10-06T02:07:58Z,2026-10-05,GS,19.785,"valid entry signal but no free slot (20/25 used, ranked #26 by RSI)"
2026-10-06T02:07:58Z,2026-10-05,UAL,19.8813,"valid entry signal but no free slot (20/25 used, ranked #27 by RSI)"
2026-10-06T02:07:58Z,2026-10-05,EXPE,19.9253,"valid entry signal but no free slot (20/25 used, ranked #28 by RSI)"
2026-10-06T02:07:58Z,2026-10-05,USB,21.4122,"valid entry signal but no free slot (20/25 used, ranked #29 by RSI)"
2026-10-06T02:07:58Z,2026-10-05,QCOM,22.5611,"valid entry signal but no free slot (20/25 used, ranked #30 by RSI)"
2026-10-06T02:07:58Z,2026-10-05,CRM,27.0021,"valid entry signal but no free slot (20/25 used, ranked #31 by RSI)"
2026-10-06T02:07:58Z,2026-10-05,MU,28.0362,"valid entry signal but no free slot (20/25 used, ranked #32 by RSI)"
2026-10-06T02:07:58Z,2026-10-05,HPQ,28.9293,"valid entry signal but no free slot (20/25 used, ranked #33 by RSI)"
2026-10-06T02:07:58Z,2026-10-05,ETN,29.8633,"valid entry signal but no free slot (20/25 used, ranked #34 by RSI)"
2026-10-06T02:07:58Z,2026-10-05,KR,29.9818,"valid entry signal but no free slot (20/25 used, ranked #35 by RSI)"
2026-10-07T01:16:21Z,2026-10-06,CRM,12.7955,"valid entry signal but no free slot (18/25 used, ranked #8 by RSI)"
2026-10-07T01:16:21Z,2026-10-06,MU,13.0803,"valid entry signal but no free slot (18/25 used, ranked #9 by RSI)"
2026-10-07T01:16:21Z,2026-10-06,CMG,13.5627,"valid entry signal but no free slot (18/25 used, ranked #10 by RSI)"
2026-10-07T01:16:21Z,2026-10-06,PNC,13.7448,"valid entry signal but no free slot (18/25 used, ranked #11 by RSI)"
2026-10-07T01:16:21Z,2026-10-06,CMCSA,14.3289,"valid entry signal but no free slot (18/25 used, ranked #12 by RSI)"
2026-10-07T01:16:21Z,2026-10-06,STX,17.6755,"valid entry signal but no free slot (18/25 used, ranked #13 by RSI)"
2026-10-07T01:16:21Z,2026-10-06,KR,17.7874,"valid entry signal but no free slot (18/25 used, ranked #14 by RSI)"
2026-10-07T01:16:21Z,2026-10-06,SWKS,18.6691,"valid entry signal but no free slot (18/25 used, ranked #15 by RSI)"
2026-10-07T01:16:21Z,2026-10-06,EXPE,19.3578,"valid entry signal but no free slot (18/25 used, ranked #16 by RSI)"
2026-10-07T01:16:21Z,2026-10-06,LVS,24.0617,"valid entry signal but no free slot (18/25 used, ranked #17 by RSI)"
2026-10-07T01:16:21Z,2026-10-06,BA,25.0022,"valid entry signal but no free slot (18/25 used, ranked #18 by RSI)"
2026-10-07T01:16:21Z,2026-10-06,WDC,25.2126,"valid entry signal but no free slot (18/25 used, ranked #19 by RSI)"
2026-10-07T01:16:21Z,2026-10-06,USB,27.0942,"valid entry signal but no free slot (18/25 used, ranked #20 by RSI)"
2026-10-07T01:16:21Z,2026-10-06,QCOM,27.6614,"valid entry signal but no free slot (18/25 used, ranked #21 by RSI)"
2026-10-07T01:16:21Z,2026-10-06,HON,28.9687,"valid entry signal but no free slot (18/25 used, ranked #22 by RSI)"
2026-10-07T01:16:21Z,2026-10-06,IBM,29.5759,"valid entry signal but no free slot (18/25 used, ranked #23 by RSI)"
